{"cameraMode":{"drawMode":0,"name":"Shaded","section":"Shading Mode"},"sceneLighting":false,"audioPlay":false,"sceneViewState":{"m_AlwaysRefresh":false,"showFog":true,"showSkybox":false,"showFlares":true,"showImageEffects":true,"showParticleSystems":true,"showVisualEffectGraphs":true,"m_FxEnabled":false},"in2DMode":false,"pivot":{"x":0.005619823932647705,"y":-0.0115586519241333,"z":-0.03078603744506836},"rotation":{"x":0.0189383402466774,"y":0.5209372639656067,"z":0.011562200263142586,"w":-0.8533104658126831},"size":0.8660253882408142,"orthographic":false}