{"cameraMode":{"drawMode":0,"name":"Shaded","section":"Shading Mode"},"sceneLighting":false,"audioPlay":false,"sceneViewState":{"m_AlwaysRefresh":false,"showFog":true,"showSkybox":false,"showFlares":true,"showImageEffects":true,"showParticleSystems":true,"showVisualEffectGraphs":true,"m_FxEnabled":false},"in2DMode":false,"pivot":{"x":-3.0148515701293947,"y":0.03178238868713379,"z":0.03145521879196167},"rotation":{"x":0.035431064665317538,"y":0.1187412291765213,"z":0.004237992689013481,"w":-0.9922930002212524},"size":1.0886794328689576,"orthographic":false}