{"cameraMode":{"drawMode":0,"name":"Shaded","section":"Shading Mode"},"sceneLighting":false,"audioPlay":false,"sceneViewState":{"m_AlwaysRefresh":false,"showFog":true,"showSkybox":false,"showFlares":true,"showImageEffects":true,"showParticleSystems":true,"showVisualEffectGraphs":true,"m_FxEnabled":false},"in2DMode":false,"pivot":{"x":2.6967506408691408,"y":0.023099899291992189,"z":0.0025664567947387697},"rotation":{"x":0.035431064665317538,"y":0.1187412291765213,"z":0.004237992689013481,"w":-0.9922930002212524},"size":1.1031956672668458,"orthographic":false}