{"cameraMode":{"drawMode":0,"name":"Shaded","section":"Shading Mode"},"sceneLighting":true,"audioPlay":false,"sceneViewState":{"m_AlwaysRefresh":false,"showFog":true,"showSkybox":true,"showFlares":true,"showImageEffects":true,"showParticleSystems":true,"showVisualEffectGraphs":true,"m_FxEnabled":false},"in2DMode":false,"pivot":{"x":8.00938606262207,"y":2.452636957168579,"z":23.662193298339845},"rotation":{"x":0.028991900384426118,"y":-0.8457769155502319,"z":0.04589986801147461,"w":0.5310011506080627},"size":0.6500873565673828,"orthographic":false}