{"cameraMode":{"drawMode":0,"name":"Shaded","section":"Shading Mode"},"sceneLighting":false,"audioPlay":false,"sceneViewState":{"m_AlwaysRefresh":false,"showFog":true,"showSkybox":false,"showFlares":true,"showImageEffects":true,"showParticleSystems":true,"showVisualEffectGraphs":true,"m_FxEnabled":false},"in2DMode":false,"pivot":{"x":-0.04110860824584961,"y":-0.011504530906677246,"z":-0.06212639808654785},"rotation":{"x":-0.07116763293743134,"y":0.814264178276062,"z":-0.10214750468730927,"w":-0.5671254992485046},"size":2.6645638942718508,"orthographic":false}