{"cameraMode":{"drawMode":0,"name":"Shaded","section":"Shading Mode"},"sceneLighting":false,"audioPlay":false,"sceneViewState":{"m_AlwaysRefresh":false,"showFog":true,"showSkybox":false,"showFlares":true,"showImageEffects":true,"showParticleSystems":true,"showVisualEffectGraphs":true,"m_FxEnabled":false},"in2DMode":false,"pivot":{"x":0.025801479816436769,"y":0.013514280319213868,"z":-0.02813488245010376},"rotation":{"x":-0.07116763293743134,"y":0.814264178276062,"z":-0.10214750468730927,"w":-0.5671254992485046},"size":2.2040340900421144,"orthographic":false}