{"cameraMode":{"drawMode":0,"name":"Shaded","section":"Shading Mode"},"sceneLighting":false,"audioPlay":false,"sceneViewState":{"m_AlwaysRefresh":false,"showFog":true,"showSkybox":false,"showFlares":true,"showImageEffects":true,"showParticleSystems":true,"showVisualEffectGraphs":true,"m_FxEnabled":false},"in2DMode":false,"pivot":{"x":-0.01287984848022461,"y":-0.006485477089881897,"z":-0.022218361496925355},"rotation":{"x":0.0189383402466774,"y":0.5209372639656067,"z":0.011562200263142586,"w":-0.8533104658126831},"size":0.8660253882408142,"orthographic":false}