{"cameraMode":{"drawMode":0,"name":"Shaded","section":"Shading Mode"},"sceneLighting":false,"audioPlay":false,"sceneViewState":{"m_AlwaysRefresh":false,"showFog":true,"showSkybox":false,"showFlares":true,"showImageEffects":true,"showParticleSystems":true,"showVisualEffectGraphs":true,"m_FxEnabled":false},"in2DMode":false,"pivot":{"x":0.02608776092529297,"y":-0.01647128164768219,"z":-0.0008554458618164063},"rotation":{"x":-0.07116763293743134,"y":0.814264178276062,"z":-0.10214750468730927,"w":-0.5671254992485046},"size":0.8660253882408142,"orthographic":false}