{"cameraMode":{"drawMode":0,"name":"Shaded","section":"Shading Mode"},"sceneLighting":false,"audioPlay":false,"sceneViewState":{"m_AlwaysRefresh":false,"showFog":true,"showSkybox":false,"showFlares":true,"showImageEffects":true,"showParticleSystems":true,"showVisualEffectGraphs":true,"m_FxEnabled":false},"in2DMode":false,"pivot":{"x":-0.002117633819580078,"y":-0.00597071647644043,"z":-0.009314239025115967},"rotation":{"x":-0.07116763293743134,"y":0.814264178276062,"z":-0.10214750468730927,"w":-0.5671254992485046},"size":1.7421057224273682,"orthographic":false}