{"cameraMode":{"drawMode":0,"name":"Shaded","section":"Shading Mode"},"sceneLighting":false,"audioPlay":false,"sceneViewState":{"m_AlwaysRefresh":false,"showFog":true,"showSkybox":false,"showFlares":true,"showImageEffects":true,"showParticleSystems":true,"showVisualEffectGraphs":true,"m_FxEnabled":false},"in2DMode":false,"pivot":{"x":-0.011608600616455078,"y":0.012673735618591309,"z":0.00762881338596344},"rotation":{"x":0.1118888258934021,"y":-0.6651219725608826,"z":0.10175067186355591,"w":0.7313421964645386},"size":0.8660253882408142,"orthographic":false}