{"cameraMode":{"drawMode":0,"name":"Shaded","section":"Shading Mode"},"sceneLighting":false,"audioPlay":false,"sceneViewState":{"m_AlwaysRefresh":false,"showFog":true,"showSkybox":false,"showFlares":true,"showImageEffects":true,"showParticleSystems":true,"showVisualEffectGraphs":true,"m_FxEnabled":false},"in2DMode":false,"pivot":{"x":-0.019459962844848634,"y":0.00004979968070983887,"z":-0.01367098093032837},"rotation":{"x":-0.07116763293743134,"y":0.814264178276062,"z":-0.10214750468730927,"w":-0.5671254992485046},"size":1.3182703256607056,"orthographic":false}